sentence_id	sentence	sentiment_label	positivity_probability
1	The Rock is destined to be the 21st Century 's new `` Conan '' and that he 's going to make a splash even greater than Arnold Schwarzenegger , Jean-Claud Van Damme or Steven Segal .	+1	0.69444
2	The gorgeously elaborate continuation of `` The Lord of the Rings '' trilogy is so huge that a column of words can not adequately describe co-writer\/director Peter Jackson 's expanded vision of J.R.R. Tolkien 's Middle-earth .	+1	0.83333
61	Singer\/composer Bryan Adams contributes a slew of songs -- a few potential hits , a few more simply intrusive to the story -- but the whole package certainly captures the intended , er , spirit of the piece .	+1	0.625
63	Yet the act is still charming here .	+1	0.72222
64	Whether or not you 're enlightened by any of Derrida 's lectures on `` the other '' and `` the self , '' Derrida is an undeniably fascinating and playful fellow .	+1	0.83333
68	Just the labour involved in creating the layered richness of the imagery in this chiaroscuro of madness and light is astonishing .	+1	0.875
72	Part of the charm of Satin Rouge is that it avoids the obvious with humour and lightness .	+1	0.72222
82	a screenplay more ingeniously constructed than `` Memento ''	+1	0.83333
131	`` Extreme Ops '' exceeds expectations .	+1	0.73611
132	Good fun , good action , good acting , good dialogue , good pace , good cinematography .	+1	0.90278
134	Dramas like this make it human .	+1	0.80556
136	Still , this flick is fun , and host to some truly excellent sequences .	+1	0.81944
214	Australian actor\/director John Polson and award-winning English cinematographer Giles Nuttgens make a terrific effort at disguising the obvious with energy and innovation .	+1	0.75
228	You walk out of The Good Girl with mixed emotions -- disapproval of Justine combined with a tinge of understanding for her actions .	+1	0.61111
383	Absorbing character study by AndrÃ© Turpin .	+1	0.81944
387	If you love reading and\/or poetry , then by all means check it out .	+1	0.77778
388	You 'll probably love it .	+1	0.81944
428	`` Frailty '' has been written so well , that even a simple `` Goddammit ! ''	+1	0.63889
446	Grenier is terrific , bringing an unforced , rapid-fire delivery to Toback 's Heidegger - and Nietzsche-referencing dialogue .	+1	0.875
473	The actors are fantastic .	+1	0.94444
474	They are what makes it worth the trip to the theatre .	+1	0.72222
486	-LRB- Taymor -RRB- utilizes the idea of making Kahlo 's art a living , breathing part of the movie , often catapulting the artist into her own work .	+1	0.93056
487	This is n't a new idea .	-1	0.33333
488	It 's been done before but never so vividly or with so much passion .	+1	0.81944
514	-LRB- `` Take Care of My Cat '' -RRB- is an honestly nice little film that takes us on an examination of young adult life in urban South Korea through the hearts and minds of the five principals .	+1	0.77778
670	What `` Empire '' lacks in depth it makes up for with its heart .	+1	0.73611
692	Light , silly , photographed with colour and depth , and rather a good time .	+1	0.86111
702	But tongue-in-cheek preposterousness has always been part of For the most part Wilde 's droll whimsy helps `` Being Earnest '' overcome its weaknesses and Parker 's creative interference ...	+1	0.68056
703	Much of the movie 's charm lies in the utter cuteness of Stuart and Margolo .	+1	0.73611
704	Their computer-animated faces are very expressive .	+1	0.72222
742	... spiced with humor -LRB- ' I speak fluent flatula , ' advises Denlopp after a rather , er , bubbly exchange with an alien deckhand -RRB- and witty updatings -LRB- Silver 's parrot has been replaced with Morph , a cute alien creature who mimics everyone and everything around -RRB-	+1	0.68056
748	There 's an energy to Y Tu MamÃ¡ TambiÃ©n .	+1	0.76389
749	Much of it comes from the brave , uninhibited performances by its lead actors .	+1	0.83333
893	`` Auto Focus '' works as an unusual biopic and document of male swingers in the Playboy era	+1	0.65278
896	... a sour little movie at its core ; an exploration of the emptiness that underlay the relentless gaiety of the 1920 's ... The film 's ending has a `` What was it all for ? ''	-1	0.16667
897	feeling to it , but like the 1920 's , the trip there is a great deal of fun .	+1	0.77778
1112	`` Cremaster 3 '' should come with the warning `` For serious film buffs only ! ''	+1	0.61111
1153	Made me unintentionally famous -- as the queasy-stomached critic who staggered from the theater and blacked out in the lobby .	-1	0.375
1154	But believe it or not , it 's one of the most beautiful , evocative works I 've seen .	+1	0.94444
1215	GarcÃ­a Bernal and TalancÃ³n are an immensely appealing couple , and even though their story is predictable , you 'll want things to work out .	+1	0.75
1241	... a spoof comedy that carries its share of laughs -- sometimes a chuckle , sometimes a guffaw and , to my great pleasure , the occasional belly laugh .	+1	0.86111
1256	-LRB- City -RRB- reminds us how realistically nuanced a Robert De Niro performance can be when he is not more lucratively engaged in the shameless self-caricature of ` Analyze This ' -LRB- 1999 -RRB- and ` Analyze That , ' promised -LRB- or threatened -RRB- for later this year .	+1	0.63889
1274	The wanton slipperiness of \* Corpus and its amiable jerking and reshaping of physical time and space would make it a great piece to watch with kids and use to introduce video as art .	+1	0.88889
1482	`` Frailty '' starts out like a typical Bible killer story , but it turns out to be significantly different -LRB- and better -RRB- than most films with this theme .	+1	0.80556
1489	For those who pride themselves on sophisticated , discerning taste , this might not seem like the proper cup of tea , however it is almost guaranteed that even the stuffiest cinema goers will laugh their \*\*\* off for an hour-and-a-half .	+1	0.83333
1588	It cuts to the core of what it actually means to face your fears , to be a girl in a world of boys , to be a boy truly in love with a girl , and to ride the big metaphorical wave that is life -- wherever it takes you .	+1	0.81944
1671	A welcome relief from baseball movies that try too hard to be mythic , this one is a sweet and modest and ultimately winning story .	+1	0.66667
1672	A crisp psychological drama -LRB- and -RRB- a fascinating little thriller that would have been perfect for an old `` Twilight Zone '' episode .	+1	0.77778
1673	It has more than a few moments that are insightful enough to be fondly remembered in the endlessly challenging maze of moviegoing .	+1	0.65278
1675	An uncluttered , resonant gem that relays its universal points without lectures or confrontations . '	+1	0.75
1676	-LRB- The Cockettes -RRB- provides a window into a subculture hell-bent on expressing itself in every way imaginable . '	+1	0.77778
1677	A smart , steamy mix of road movie , coming-of-age story and political satire .	+1	0.66667
1678	The modern-day royals have nothing on these guys when it comes to scandals .	-1	0.38889
1679	It 's only in fairy tales that princesses that are married for political reason live happily ever after .	-1	0.36111
1680	A terrific B movie -- in fact , the best in recent memory .	+1	1
1681	`` Birthday Girl '' is an actor 's movie first and foremost .	+1	0.70833
1682	I walked away from this new version of E.T. just as I hoped I would -- with moist eyes .	+1	0.875
1683	For devotees of French cinema , Safe Conduct is so rich with period minutiae it 's like dying and going to celluloid heaven .	+1	0.90278
1684	What 's really so appealing about the characters is their resemblance to everyday children .	+1	0.70833
1686	An absurdist spider web .	-1	0.36111
1687	If you 're as happy listening to movies as you are watching them , and the slow parade of human frailty fascinates you , then you 're at the right film .	+1	0.63889
1690	Mention `` Solaris '' five years from now and I 'm sure those who saw it will have an opinion to share .	+1	0.66667
1691	Allen 's funniest and most likeable movie in years .	+1	0.875
1692	It 's a glorious spectacle like those D.W. Griffith made in the early days of silent film .	+1	0.80556
1693	This comic gem is as delightful as it is derivative .	+1	0.81944
1694	More timely than its director could ever have dreamed , this quietly lyrical tale probes the ambiguous welcome extended by Iran to the Afghani refugees who streamed across its borders , desperate for work and food .	+1	0.81944
1695	The leaping story line , shaped by director Peter Kosminsky into sharp slivers and cutting impressions , shows all the signs of rich detail condensed into a few evocative images and striking character traits .	+1	0.625
1697	The production has been made with an enormous amount of affection , so we believe these characters love each other .	+1	0.83333
1698	Certainly the performances are worthwhile .	+1	0.72222
1699	Winds up being both revelatory and narcissistic , achieving some honest insight into relationships that most high-concept films candy-coat with pat storylines , precious circumstances and beautiful stars .	+1	0.68056
1700	Watching these eccentrics is both inspiring and pure joy .	+1	0.84722
1701	Steven Spielberg brings us another masterpiece	+1	0.98611
1702	Finally , the French-produced `` Read My Lips '' is a movie that understands characters must come first .	+1	0.73611
1703	Ms. Seigner and Mr. Serrault bring fresh , unforced naturalism to their characters .	+1	0.80556
1704	Allen shows he can outgag any of those young whippersnappers making moving pictures today .	+1	0.76389
1705	A good film with a solid pedigree both in front of and , more specifically , behind the camera .	+1	0.79167
1706	By no means a slam-dunk and sure to ultimately disappoint the action fans who will be moved to the edge of their seats by the dynamic first act , it still comes off as a touching , transcendent love story .	-1	0.23611
1707	I encourage young and old alike to go see this unique and entertaining twist on the classic whale 's tale -- you wo n't be sorry !	+1	0.875
1708	A literary detective story is still a detective story and aficionados of the whodunit wo n't be disappointed .	+1	0.69444
1709	High Crimes steals so freely from other movies and combines enough disparate types of films that it ca n't help but engage an audience .	+1	0.61111
1710	If you 're a fan of the series you 'll love it and probably want to see it twice .	+1	0.91667
1711	I will be .	+1	0.625
1712	It celebrates the group 's playful spark of nonconformity , glancing vividly back at what Hibiscus grandly called his ` angels of light . '	+1	0.72222
1713	The story ... is inspiring , ironic , and revelatory of just how ridiculous and money-oriented the record industry really is .	+1	0.80556
1714	It is also a testament to the integrity and vision of the band .	+1	0.75
1715	Laced with liberal doses of dark humor , gorgeous exterior photography , and a stable-full of solid performances , No Such Thing is a fascinating little tale .	+1	0.86111
1716	Huppert 's show to steal and she makes a meal of it , channeling Kathy Baker 's creepy turn as the repressed mother on Boston Public just as much as 8 Women 's Augustine .	+1	0.61111
1717	Nair does n't treat the issues lightly .	+1	0.61111
1718	She allows each character to confront their problems openly and honestly .	+1	0.72222
1719	One of the best silly horror movies of recent memory , with some real shocks in store for unwary viewers .	+1	0.88889
1720	The work of a filmmaker who has secrets buried at the heart of his story and knows how to take time revealing them .	+1	0.77778
1721	Strange occurrences build in the mind of the viewer and take on extreme urgency .	+1	0.72222
1722	Has a certain ghoulish fascination , and generates a fair amount of B-movie excitement .	+1	0.68056
1723	Familiar but utterly delightful .	+1	0.63889
1724	A fascinating , dark thriller that keeps you hooked on the delicious pulpiness of its lurid fiction .	+1	0.76389
1725	The film aims to be funny , uplifting and moving , sometimes all at once .	+1	0.69444
1726	The extent to which it succeeds is impressive .	+1	0.77778
1727	The film brilliantly shines on all the characters , as the direction is intelligently accomplished .	+1	0.91667
1728	While not for every taste , this often very funny collegiate gross-out comedy goes a long way toward restoring the luster of the National Lampoon film franchise , too long reduced to direct-to-video irrelevancy .	+1	0.70833
1729	As broad and cartoonish as the screenplay is , there is an accuracy of observation in the work of the director , Frank Novak , that keeps the film grounded in an undeniable social realism .	+1	0.79167
1730	In addition to Hoffman 's powerful acting clinic , this is that rare drama that offers a thoughtful and rewarding glimpse into the sort of heartache everyone has felt , or will feel someday .	+1	0.88889
1731	Jeffrey Tambor 's performance as the intelligent jazz-playing exterminator is Oscar-worthy .	+1	1
1732	From the opening strains of the Average White Band 's `` Pick up the Pieces '' , you can feel the love .	+1	0.66667
1733	Stevens ' vibrant creative instincts are the difference between this and countless other flicks about guys and dolls .	+1	0.73611
1734	that it 'll probably be the best and most mature comedy of the 2002 summer season speaks more of the season than the picture	+1	0.66667
1736	Meyjes ' provocative film might be called an example of the haphazardness of evil .	+1	0.66667
1738	The movie is pretty funny now and then without in any way demeaning its subjects .	+1	0.76389
1739	imagine a scenario where Bergman approaches Swedish fatalism using Gary Larson 's Far Side humor	+1	0.61111
1740	Too damn weird to pass up , and for the blacklight crowd , way cheaper -LRB- and better -RRB- than Pink Floyd tickets .	+1	0.76389
1741	It is most remarkable not because of its epic scope , but because of the startling intimacy it achieves despite that breadth .	+1	0.91667
1742	It 's not a great monster movie .	-1	0.23611
1746	Others , more attuned to the anarchist maxim that ` the urge to destroy is also a creative urge ' , or more willing to see with their own eyes , will find Morrison 's iconoclastic uses of technology to be liberating .	+1	0.83333
1747	Miller tells this very compelling tale with little fuss or noise , expertly plucking tension from quiet .	+1	0.70833
1748	Time Out is existential drama without any of the pretension associated with the term .	+1	0.69444
1749	It 's a sweet , laugh-a-minute crowd pleaser that lifts your spirits as well as the corners of your mouth .	+1	0.70833
1750	Writer\/director Alexander Payne -LRB- Election -RRB- and his co-writer Jim Taylor brilliantly employ their quirky and fearless ability to look American angst in the eye and end up laughing .	+1	0.75
1752	It 's tough to watch , but it 's a fantastic movie .	+1	0.80556
1753	The best animated feature to hit theaters since Beauty and the Beast 11 years ago .	+1	0.83333
1754	What saves this deeply affecting film from being merely a collection of wrenching cases is Corcuera 's attention to detail .	+1	0.69444
1755	Pacino is the best he 's been in years and Keener is marvelous .	+1	0.88889
1756	A solid , spooky entertainment worthy of the price of a ticket .	+1	0.75
1757	By turns fanciful , grisly and engagingly quixotic .	+1	0.69444
1758	... very funny , very enjoyable ...	+1	0.91667
1759	Adaptation is intricately constructed and in a strange way nails all of Orlean 's themes without being a true adaptation of her book .	+1	0.63889
1760	So purely enjoyable that you might not even notice it 's a fairly straightforward remake of Hollywood comedies such as Father of the Bride .	+1	0.79167
1761	Moonlight Mile gives itself the freedom to feel contradictory things .	+1	0.79167
1762	It is sentimental but feels free to offend , is analytical and then surrenders to the illogic of its characters , is about grief and yet permits laughter .	+1	0.80556
1763	The real triumphs in Igby come from Philippe , who makes Oliver far more interesting than the character 's lines would suggest , and Sarandon , who could n't be better as a cruel but weirdly likable WASP matron .	+1	0.77778
1764	Robin Williams has thankfully ditched the saccharine sentimentality of Bicentennial Man in favour of an altogether darker side .	+1	0.63889
1765	If you 're willing to have fun with it , you wo n't feel cheated by the high infidelity of Unfaithful .	+1	0.65278
1766	Australia : Land Beyond Time is an enjoyable Big Movie primarily because Australia is a weirdly beautiful place .	+1	0.75
1767	Hoffman 's performance is authentic to the core of his being .	+1	0.73611
1768	Told just proficiently enough to trounce its overly comfortable trappings .	+1	0.69444
1769	An enthralling aesthetic experience , one that 's steeped in mystery and a ravishing , baroque beauty .	+1	0.81944
1770	The quirky drama touches the heart and the funnybone thanks to the energetic and always surprising performance by Rachel Griffiths .	+1	0.83333
1771	A captivating coming-of-age story that may also be the first narrative film to be truly informed by the wireless age .	+1	0.81944
1772	What could have been a daytime soap opera is actually a compelling look at a young woman 's tragic odyssey .	+1	0.75
1773	Duvall is strong as always .	+1	0.81944
1774	A no-holds-barred cinematic treat .	+1	0.81944
1775	You 'd have to be a most hard-hearted person not to be moved by this drama .	+1	0.61111
1776	Allen 's underestimated charm delivers more goodies than lumps of coal .	+1	0.66667
1777	Measured against practically any like-themed film other than its Oscar-sweeping franchise predecessor The Silence of the Lambs , Red Dragon rates as an exceptional thriller .	+1	0.86111
1779	Maelstrom is strange and compelling , engrossing and different , a moral tale with a twisted sense of humor .	+1	0.83333
1780	It makes you believe the cast and crew thoroughly enjoyed themselves and believed in their small-budget film .	+1	0.77778
1782	Too often , Son of the Bride becomes an exercise in trying to predict when a preordained `` big moment '' will occur and not `` if . ''	-1	0.30556
1783	The picture uses humor and a heartfelt conviction to tell a story about discovering your destination in life , but also acknowledging the places , and the people , from whence you came .	+1	0.77778
1785	A terrific insider look at the star-making machinery of tinseltown .	+1	0.76389
1786	It 's a diverting enough hour-and-a-half for the family audience .	+1	0.63889
1787	A party-hearty teen flick that scalds like acid .	-1	0.30556
1788	As giddy and whimsical and relevant today as it was 270 years ago .	+1	0.90278
1789	The film offers an intriguing what-if premise .	+1	0.83333
1790	The Pianist is the film Roman Polanski may have been born to make .	+1	0.75
1791	This version does justice both to Stevenson and to the sci-fi genre .	+1	0.69444
1792	Poignant and delicately complex .	+1	0.73611
1793	Enough may pander to our basest desires for payback , but unlike many revenge fantasies , it ultimately delivers .	+1	0.79167
1794	Cho 's latest comic set is n't as sharp or as fresh as I 'm the One That I Want ... but it 's still damn funny stuff .	+1	0.73611
1795	In The Pianist , Polanski is saying what he has long wanted to say , confronting the roots of his own preoccupations and obsessions , and he allows nothing to get in the way .	+1	0.72222
1796	Despite the film 's shortcomings , the stories are quietly moving .	+1	0.70833
1798	If you come from a family that eats , meddles , argues , laughs , kibbitzes and fights together , then go see this delightful comedy .	+1	0.79167
1799	This bracingly truthful antidote to Hollywood teenage movies that slather Clearasil over the blemishes of youth captures the combustible mixture of a chafing inner loneliness and desperate grandiosity that tend to characterize puberty .	+1	0.79167
1801	It 's the filmmakers ' post-camp comprehension of what made old-time B movies good-bad that makes Eight Legged Freaks a perfectly entertaining summer diversion .	+1	0.66667
1802	The film 's strength is n't in its details , but in the larger picture it paints - of a culture in conflict with itself , with the thin veneer of nationalism that covers our deepest , media-soaked fears .	+1	0.72222
1804	It has its faults , but it is a kind , unapologetic , sweetheart of a movie , and Mandy Moore leaves a positive impression .	+1	0.66667
1805	The Saigon of 1952 is an uneasy mix of sensual delights and simmering violence , and The Quiet American brings us right into the center of that world .	+1	0.70833
1806	Despite its shortcomings , Girls Ca n't Swim represents an engaging and intimate first feature by a talented director to watch , and it 's a worthy entry in the French coming-of-age genre .	+1	0.66667
1808	With Dirty Deeds , David Caesar has stepped into the mainstream of filmmaking with an assurance worthy of international acclaim and with every cinematic tool well under his control -- driven by a natural sense for what works on screen .	+1	0.81944
1809	The humor and humanity of Monsoon Wedding are in perfect balance .	+1	0.65278
1810	Lookin ' for sin , American-style ?	-1	0.375
1812	A compelling motion picture that illustrates an American tragedy .	+1	0.81944
1813	As comedic spotlights go , Notorious C.H.O. hits all the verbal marks it should .	+1	0.72222
1814	It 's a day at the beach -- with air conditioning and popcorn .	+1	0.63889
1815	Frida is n't that much different from many a Hollywood romance .	-1	0.33333
1816	What sets it apart is the vision that Taymor , the avant garde director of Broadway 's The Lion King and the film Titus , brings .	+1	0.70833
1817	Stevens has a flair for dialogue comedy , the film operates nicely off the element of surprise , and the large cast is solid .	+1	0.84722
1818	Extremely well acted by the four primary actors , this is a seriously intended movie that is not easily forgotten .	+1	0.91667
1819	The film exudes the urbane sweetness that Woody Allen seems to have bitterly forsaken .	+1	0.625
1820	K-19 : The Widowmaker is derivative , overlong , and bombastic -- yet surprisingly entertaining .	+1	0.625
1821	It 's good , hard-edged stuff , violent and a bit exploitative but also nicely done , morally alert and street-smart .	+1	0.61111
1822	Cineasts will revel in those visual in-jokes , as in the film 's verbal pokes at everything from the likes of Miramax chief Harvey Weinstein 's bluff personal style to the stylistic rigors of Denmark 's Dogma movement .	+1	0.73611
1823	It 's a rare window on an artistic collaboration .	+1	0.75
1824	... begins with promise , but runs aground after being snared in its own tangled plot .	-1	0.30556
1825	Perhaps the best sports movie I 've ever seen .	+1	1
1826	Cho 's timing is priceless .	+1	0.86111
1828	A sensitive , moving , brilliantly constructed work .	+1	0.88889
1829	An edgy thriller that delivers a surprising punch .	+1	0.79167
1830	A reasonably entertaining sequel to 1994 's surprise family hit that may strain adult credibility .	+1	0.75
1831	-LRB- Reno -RRB- delivers a monologue that manages to incorporate both the horror and the absurdity of the situation in a well-balanced fashion .	+1	0.79167
1832	there is truth here	+1	0.66667
1833	a confident , richly acted , emotionally devastating piece of work and 2002 's first great film	+1	0.86111
1834	A touching , small-scale story of family responsibility and care in the community .	+1	0.69444
1835	Arteta directs one of the best ensemble casts of the year	+1	0.83333
1836	The casting of von Sydow ... is itself Intacto 's luckiest stroke .	+1	0.68056
1837	No , it 's not as single-minded as John Carpenter 's original , but it 's sure a lot smarter and more unnerving than the sequels .	+1	0.79167
1838	A gem of a romantic crime comedy that turns out to be clever , amusing and unpredictable .	+1	0.80556
1839	Stands as one of the year 's most intriguing movie experiences , letting its imagery speak for it while it forces you to ponder anew what a movie can be .	+1	0.86111
1840	... the first 2\/3 of the film are incredibly captivating and insanely funny , thanks in part to interesting cinematic devices -LRB- cool visual backmasking -RRB- , a solid cast , and some wickedly sick and twisted humor ...	+1	0.83333
1841	This movie got me grinning .	+1	0.77778
1842	There 's a part of us that can not help be entertained by the sight of someone getting away with something .	+1	0.69444
1843	An old-fashioned drama of substance about a teacher 's slide down the slippery slope of dishonesty after an encounter with the rich and the powerful who have nothing but disdain for virtue .	+1	0.68056
1844	What 's not to like about a movie with a ` children 's ' song that includes the line ` My stepdad 's not mean , he 's just adjusting ' ?	+1	0.72222
1846	The pleasures that it does afford may be enough to keep many moviegoers occupied amidst some of the more serious-minded concerns of other year-end movies .	+1	0.69444
1847	Not everyone will welcome or accept The Trials of Henry Kissinger as faithful portraiture , but few can argue that the debate it joins is a necessary and timely one .	+1	0.65278
1848	There are no special effects , and no Hollywood endings .	+1	0.61111
1849	Like the original , this version is raised a few notches above kiddie fantasy pablum by Allen 's astringent wit .	+1	0.72222
1850	Despite its Hawaiian setting , the science-fiction trimmings and some moments of rowdy slapstick , the basic plot of `` Lilo '' could have been pulled from a tear-stained vintage Shirley Temple script .	-1	0.27778
1852	Filled with honest performances and exceptional detail , Baran is a gentle film with dramatic punch , a haunting ode to humanity .	+1	0.88889
1854	In its dry and forceful way , it delivers the same message as Jiri Menzel 's Closely Watched Trains and Danis Tanovic 's No Man 's Land .	+1	0.68056
1855	... a triumph of emotionally and narratively complex filmmaking .	+1	0.84722
1857	Simply put , `` Far From Heaven '' is a masterpiece .	+1	0.91667
1858	An intense and effective film about loneliness and the chilly anonymity of the environments where so many of us spend so much of our time .	+1	0.69444
1859	Although fairly involving as far as it goes , the film does n't end up having much that is fresh to say about growing up Catholic or , really , anything .	-1	0.29167
1861	A very funny romantic comedy about two skittish New York middle-agers who stumble into a relationship and then struggle furiously with their fears and foibles .	+1	0.75
1862	Top-notch action powers this romantic drama .	+1	0.90278
1863	Beresford nicely mixes in as much humor as pathos to take us on his sentimental journey of the heart .	+1	0.625
1864	It really is a shame that more wo n't get an opportunity to embrace small , sweet ` Evelyn . '	+1	0.66667
1865	I stopped thinking about how good it all was , and started doing nothing but reacting to it - feeling a part of its grand locations , thinking urgently as the protagonists struggled , feeling at the mercy of its inventiveness , gasping at its visual delights .	+1	0.84722
1866	Probably the best case for Christianity since Chesterton and Lewis .	+1	0.66667
1867	A gently funny , sweetly adventurous film that makes you feel genuinely good , that is to say , entirely unconned by false sentiment or sharp , overmanipulative Hollywood practices .	+1	0.77778
1868	Would be an unendurable viewing experience for this ultra-provincial New Yorker if 26-year-old Reese Witherspoon were not on hand to inject her pure fantasy character , Melanie Carmichael , with a massive infusion of old-fashioned Hollywood magic .	+1	0.66667
1869	Visually fascinating ... an often intense character study about fathers and sons , loyalty and duty .	+1	0.70833
1870	A lyrical metaphor for cultural and personal self-discovery and a picaresque view of a little-remembered world .	+1	0.625
1871	SchÃ¼tte 's dramatic snapshot of the artist three days before his death offers an interesting bit of speculation as to the issues Brecht faced as his life drew to a close .	+1	0.63889
1872	A slick , engrossing melodrama .	+1	0.88889
1873	S1M0NE 's satire is not subtle , but it is effective .	+1	0.66667
1874	It 's a quirky , off-beat project .	+1	0.66667
1875	While some will object to the idea of a Vietnam picture with such a rah-rah , patriotic tone , Soldiers ultimately achieves its main strategic objective : dramatizing the human cost of the conflict that came to define a generation .	-1	0.31944
1876	Even if you do n't know the band or the album 's songs by heart , you will enjoy seeing how both evolve , and you will also learn a good deal about the state of the music business in the 21st Century .	+1	0.73611
1877	The solid filmmaking and convincing characters makes this a high water mark for this genre .	+1	1
1878	Films about loss , grief and recovery are pretty valuable these days .	+1	0.77778
1879	Seen in that light , Moonlight Mile should strike a nerve in many .	+1	0.73611
1880	It 's endlessly inventive , consistently intelligent and sickeningly savage .	+1	0.875
1881	It is definitely worth seeing .	+1	0.91667
1882	An impeccable study in perversity .	+1	0.66667
1883	Far From Heaven is a dazzling conceptual feat , but more than that , it 's a work of enthralling drama .	+1	0.72222
1884	A movie that both thrills the eye and , in its over-the-top way , touches the heart .	+1	0.80556
1885	Stuffed to the brim with ideas , American instigator Michael Moore 's film is a rambling examination of American gun culture that uses his usual modus operandi of crucifixion through juxtaposition .	+1	0.72222
1886	Affectionately reminds us that , in any language , the huge stuff in life can usually be traced back to the little things .	+1	0.61111
1888	The large-frame IMAX camera lends itself beautifully to filming the teeming life on the reefs , making this gorgeous film a must for everyone from junior scientists to grown-up fish lovers .	+1	0.93056
1890	A story about intelligent high school students that deals with first love sweetly but also seriously .	+1	0.66667
1891	It is also beautifully acted .	+1	0.83333
1894	It 's a technically superb film , shining with all the usual Spielberg flair , expertly utilizing the talents of his top-notch creative team .	+1	0.98611
1895	Wilco fans will have a great time , and the movie should win the band a few new converts , too .	+1	0.76389
1896	Tsai has a well-deserved reputation as one of the cinema world 's great visual stylists , and in this film , every shot enhances the excellent performances .	+1	0.77778
1898	The fact is that the screen is most alive when it seems most likely that Broomfield 's interviewees , or even himself , will not be for much longer .	+1	0.69444
1899	Leguizamo and Jones are both excellent and the rest of the cast is uniformly superb .	+1	0.875
1900	I liked this film a lot ...	+1	0.79167
1901	... there is enough originality in ` Life ' to distance it from the pack of paint-by-number romantic comedies that so often end up on cinema screens .	+1	0.73611
1902	A solid and refined piece of moviemaking imbued with passion and attitude .	+1	0.93056
1903	Nettelbeck has crafted an engaging fantasy of flavours and emotions , one part romance novel , one part recipe book .	+1	0.73611
1904	With or without the sex , a wonderful tale of love and destiny , told well by a master storyteller	+1	0.93056
1905	On the surface a silly comedy , Scotland , PA would be forgettable if it were n't such a clever adaptation of the bard 's tragic play .	+1	0.63889
1906	A weird , arresting little ride .	+1	0.72222
1908	A first-class road movie that proves you can run away from home , but your ego and all your problems go with you .	+1	0.88889
1909	You might want to take a reality check before you pay the full ticket price to see `` Simone , '' and consider a DVD rental instead .	-1	0.29167
1910	Well cast and well directed - a powerful drama with enough sardonic wit to keep it from being maudlin .	+1	0.88889
1911	A backstage must-see for true fans of comedy .	+1	0.84722
1912	There 's back-stabbing , inter-racial desire and , most importantly , singing and dancing .	+1	0.66667
1913	The film sounds like the stuff of lurid melodrama , but what makes it interesting as a character study is the fact that the story is told from Paul 's perspective .	+1	0.66667
1914	Jones ... makes a great impression as the writer-director of this little $ 1.8 million charmer , which may not be cutting-edge indie filmmaking but has a huge heart .	+1	0.91667
1915	In the disturbingly involving family dysfunctional drama How I Killed My Father , French director Anne Fontaine delivers an inspired portrait of male-ridden angst and the emotional blockage that accompanies this human condition	+1	0.63889
1916	Below may not mark Mr. Twohy 's emergence into the mainstream , but his promise remains undiminished .	+1	0.72222
1917	There 's no reason to miss Interview with the Assassin	+1	0.80556
1918	Happily stays close to the ground in a spare and simple manner and does n't pummel us with phony imagery or music .	+1	0.80556
1919	Its sheer dynamism is infectious .	+1	0.66667
1920	For his first attempt at film noir , Spielberg presents a fascinating but flawed look at the near future .	+1	0.63889
1922	Perhaps it 's cliche to call the film ` refreshing , ' but it is .	+1	0.80556
1923	` Drumline ' shows a level of young , Black manhood that is funny , touching , smart and complicated .	+1	0.875
1924	It does give a taste of the Burning Man ethos , an appealing blend of counter-cultural idealism and hedonistic creativity .	+1	0.66667
1926	The movie is well done , but slow .	-1	0.38889
1927	-LRB- A -RRB- wonderfully loopy tale of love , longing , and voting .	+1	0.80556
1928	The fascination comes in the power of the Huston performance , which seems so larger than life and yet so fragile , and in the way the Ivan character accepts the news of his illness so quickly but still finds himself unable to react .	+1	0.70833
1929	The last scenes of the film are anguished , bitter and truthful .	+1	0.76389
1930	Mr. Koshashvili is a director to watch .	+1	0.83333
1931	Predictable storyline and by-the-book scripting is all but washed away by sumptuous ocean visuals and the cinematic stylings of director John Stockwell .	+1	0.63889
1932	Antwone Fisher certainly does the trick of making us care about its protagonist and celebrate his victories but , with few exceptions , it rarely stoops to cheap manipulation or corny conventions to do it .	+1	0.69444
1933	One feels the dimming of a certain ambition , but in its place a sweetness , clarity and emotional openness that recalls the classics of early Italian neorealism .	+1	0.76389
1934	It challenges , this nervy oddity , like modern art should .	+1	0.72222
1935	Whenever you think you 've figured out Late Marriage , it throws you for a loop .	+1	0.63889
1936	The Pianist is Polanski 's best film .	+1	0.83333
1938	This Orange has some juice , but it 's far from fresh-squeezed .	-1	0.38889
1939	A sensitive , modest comic tragedy that works as both character study and symbolic examination of the huge economic changes sweeping modern China .	+1	0.69444
1941	Cusack 's just brilliant in this .	+1	0.875
1942	Knows how to make our imagination wonder .	+1	0.83333
1943	Jae-eun Jeong 's Take Care of My Cat brings a beguiling freshness to a coming-of-age story with such a buoyant , expressive flow of images that it emerges as another key contribution to the flowering of the South Korean cinema .	+1	0.66667
1944	The overall fabric is hypnotic , and Mr. Mattei fosters moments of spontaneous intimacy .	+1	0.80556
1945	Evokes a palpable sense of disconnection , made all the more poignant by the incessant use of cell phones .	+1	0.625
1946	Malcolm McDowell is cool .	+1	0.69444
1947	Paul Bettany is cool .	+1	0.73611
1949	Cool .	+1	0.66667
1950	A touching , sophisticated film that almost seems like a documentary in the way it captures an Italian immigrant family on the brink of major changes .	+1	0.77778
1952	An inventive , absorbing movie that 's as hard to classify as it is hard to resist .	+1	0.88889
1953	It made me want to get made-up and go see this movie with my sisters .	+1	0.72222
1954	I thought the relationships were wonderful , the comedy was funny , and the love ` real ' .	+1	0.88889
1955	-LRB- Caine -RRB- proves once again he has n't lost his touch , bringing off a superb performance in an admittedly middling film .	+1	0.77778
1956	Bogdanovich puts history in perspective and , via Kirsten Dunst 's remarkable performance , he showcases Davies as a young woman of great charm , generosity and diplomacy .	+1	0.69444
1957	This breezy caper movie becomes a soulful , incisive meditation on the way we were , and the way we are .	+1	0.77778
1958	A captivating new film .	+1	0.875
1959	Those who are n't put off by the film 's austerity will find it more than capable of rewarding them .	+1	0.84722
1960	It 's a clear-eyed portrait of an intensely lived time , filled with nervous energy , moral ambiguity and great uncertainties .	+1	0.75
1961	Reveals how important our special talents can be when put in service of of others .	+1	0.75
1962	It also shows how deeply felt emotions can draw people together across the walls that might otherwise separate them .	+1	0.72222
1963	With the same sort of good-natured fun found in films like Tremors , Eight Legged Freaks is prime escapist fare .	+1	0.83333
1964	A sharp , amusing study of the cult of celebrity .	+1	0.66667
1965	The sentimental cliches mar an otherwise excellent film .	+1	0.61111
1966	A powerful performance from Mel Gibson and a brutal 90-minute battle sequence that does everything but issue you a dog-tag and an M-16 .	+1	0.81944
1967	A graceful , moving tribute to the courage of New York 's finest and a nicely understated expression of the grief shared by the nation at their sacrifice .	+1	0.86111
1968	A coming-of-age tale from New Zealand whose boozy , languid air is balanced by a rich visual clarity and deeply felt performances across the board .	+1	0.79167
1969	Made to be Jaglomized is the Cannes Film Festival , the annual Riviera spree of flesh , buzz , blab and money .	-1	0.34722
1970	The charming result is Festival in Cannes .	+1	0.77778
1971	If you 're looking for something new and hoping for something entertaining , you 're in luck .	+1	0.81944
1972	A hugely rewarding experience that 's every bit as enlightening , insightful and entertaining as Grant 's two best films -- Four Weddings and a Funeral and Bridget Jones 's Diary .	+1	0.88889
1973	A rip-roaring comedy action fest that 'll put hairs on your chest .	+1	0.79167
1974	If there 's no art here , it 's still a good yarn -- which is nothing to sneeze at these days .	+1	0.65278
1975	Simultaneously heart-breaking and very funny , The Last Kiss is really all about performances .	+1	0.75
1976	There is a subversive element to this Disney cartoon , providing unexpected fizzability .	+1	0.72222
1977	An unforgettable look at morality , family , and social expectation through the prism of that omnibus tradition called marriage .	+1	0.77778
1978	An enjoyable , if occasionally flawed , experiment .	+1	0.68056
1979	Miyazaki is one of world cinema 's most wondrously gifted artists and storytellers .	+1	0.94444
1980	If Ayurveda can help us return to a sane regimen of eating , sleeping and stress-reducing contemplation , it is clearly a good thing .	+1	0.72222
1981	Meeting , even exceeding expectations , it 's the best sequel since The Empire Strikes Back ... a majestic achievement , an epic of astonishing grandeur and surprising emotional depth .	+1	1
1982	Leigh is one of the rare directors who feels acting is the heart and soul of cinema .	+1	0.80556
1983	He allows his cast members to make creative contributions to the story and dialogue .	+1	0.75
1984	This method almost never fails him , and it works superbly here .	+1	0.81944
1985	Poetry in motion captured on film .	+1	0.83333
1986	While it can be a bit repetitive , overall it 's an entertaining and informative documentary .	+1	0.66667
1987	Directing with a sure and measured hand , -LRB- Haneke -RRB- steers clear of the sensational and offers instead an unflinching and objective look at a decidedly perverse pathology .	+1	0.68056
1988	The entire movie establishes a wonderfully creepy mood .	+1	0.86111
1989	I found The Ring moderately absorbing , largely for its elegantly colorful look and sound .	+1	0.68056
1990	The filmmakers want nothing else than to show us a good time , and in their cheap , B movie way , they succeed .	+1	0.72222
1991	Amari has dressed up this little parable in a fairly irresistible package full of privileged moments and memorable performances .	+1	0.90278
1993	But it will just as likely make you weep , and it will do so in a way that does n't make you feel like a sucker .	+1	0.63889
1994	Both heartbreaking and heartwarming ... just a simple fable done in an artless sytle , but it 's tremendously moving .	+1	0.90278
1995	This masterfully calibrated psychological thriller thrives on its taut performances and creepy atmosphere even if the screenplay falls somewhat short .	+1	0.66667
1996	The film 's sense of imagery gives it a terrible strength , but it 's propelled by the acting .	+1	0.79167
1997	The Pianist -LRB- is -RRB- a supremely hopeful cautionary tale of war 's madness remembered that we , today , can prevent its tragic waste of life .	+1	0.80556
1998	Here is a divine monument to a single man 's struggle to regain his life , his dignity and his music .	+1	0.81944
1999	Strange it is , but delightfully so .	+1	0.77778
2000	Elegant , mannered and teasing .	+1	0.73611
2002	The ingenuity that Parker displays in freshening the play is almost in a class with that of Wilde himself .	+1	0.88889
2004	The unexpected thing is that its dying , in this shower of black-and-white psychedelia , is quite beautiful .	+1	0.79167
2005	A droll , bitchy frolic which pokes fun at the price of popularity and small-town pretension in the Lone Star State .	-1	0.38889
2006	With each of her three protagonists , Miller eloquently captures the moment when a woman 's life , out of a deep-seated , emotional need , is about to turn onto a different path .	+1	0.83333
2007	Ryan Gosling ... is at 22 a powerful young actor .	+1	0.81944
2009	As an introduction to the man 's theories and influence , Derrida is all but useless ; as a portrait of the artist as an endlessly inquisitive old man , however , it 's invaluable .	+1	0.70833
2010	The film is a verbal duel between two gifted performers .	+1	0.83333
2011	Imperfect ?	-1	0.27778
2012	Yes , but also intriguing and honorable , a worthwhile addition to a distinguished film legacy .	+1	0.77778
2015	What a great way to spend 4 units of your day .	+1	0.61111
2016	The movie is hardly a masterpiece , but it does mark Ms. Bullock 's best work in some time .	+1	0.625
2017	As simple and innocent a movie as you can imagine .	+1	0.66667
2018	This is a movie you can trust .	+1	0.86111
2019	Passionate , irrational , long-suffering but cruel as a tarantula , Helga figures prominently in this movie , and helps keep the proceedings as funny for grown-ups as for rugrats .	+1	0.77778
2021	Vividly conveys the passion , creativity , and fearlessness of one of Mexico 's most colorful and controversial artists -- a captivating drama that will speak to the nonconformist in us all .	+1	0.91667
2022	Hollywood Ending is not show-stoppingly hilarious , but scathingly witty nonetheless .	+1	0.66667
2024	A compelling yarn , but not quite a ripping one .	+1	0.70833
2025	On the Granger Movie Gauge of 1 to 10 , The Powerpuff Girls is a fast , frenetic , funny , even punny 6 -- aimed specifically at a grade-school audience .	+1	0.66667
2026	The film has several strong performances .	+1	0.77778
2027	I 've never bought from telemarketers , but I bought this movie .	+1	0.63889
2028	Perfectly pitched between comedy and tragedy , hope and despair , About Schmidt instead comes far closer than many movies to expressing the way many of us live -- someplace between consuming self-absorption and insistently demanding otherness .	+1	0.875
2030	-LRB- Shyamalan -RRB- turns the goose-pimple genre on its empty head and fills it with spirit , purpose and emotionally bruised characters who add up to more than body count .	+1	0.68056
2031	A sexy , peculiar and always entertaining costume drama set in Renaissance Spain , and the fact that it 's based on true events somehow makes it all the more compelling .	+1	0.875
2032	An entertaining documentary that freshly considers arguments the Bard 's immortal plays were written by somebody else .	+1	0.79167
2033	A highly spirited , imaginative kid 's movie that broaches neo-Augustinian theology : Is God stuck in Heaven because He 's afraid of His best-known creation ?	+1	0.81944
2034	Call it magic realism or surrealism , but Miss Wonton floats beyond reality with a certain degree of wit and dignity .	+1	0.80556
2035	Raimi and his team could n't have done any better in bringing the story of Spider-Man to the big screen .	+1	0.88889
2036	The director explores all three sides of his story with a sensitivity and an inquisitiveness reminiscent of Truffaut .	+1	0.70833
2037	Well-acted , well-directed and , for all its moodiness , not too pretentious .	+1	0.80556
2038	It 's a satisfying summer blockbuster and worth a look .	+1	0.69444
2039	Boomers and their kids will have a Barrie good time .	+1	0.79167
2040	Real Women Have Curves wears its empowerment on its sleeve but even its worst harangues are easy to swallow thanks to remarkable performances by Ferrera and Ontiveros .	+1	0.76389
2041	Ultimately , `` MIB II '' succeeds due to its rapid-fire delivery and enough inspired levity that it ca n't be dismissed as mindless .	+1	0.76389
2042	Stage director Sam Mendes showcases Tom Hanks as a depression era hit-man in this dark tale of revenge .	+1	0.625
2043	Sitting in the third row of the IMAX cinema at Sydney 's Darling Harbour , but I sometimes felt as though I was in the tiny two seater plane that carried the giant camera around Australia , sweeping and gliding , banking and hovering over some of the most not	+1	0.79167
2045	What 's so fun about this silly , outrageous , ingenious thriller is the director 's talent .	+1	0.83333
2046	Watching a Brian DePalma movie is like watching an Alfred Hitchcock movie after drinking twelve beers .	-1	0.38889
2047	Strip it of all its excess debris , and you 'd have a 90-minute , four-star movie .	+1	0.70833
2048	As it is , it 's too long and unfocused .	-1	0.18056
2049	An immensely entertaining look at some of the unsung heroes of 20th century pop music .	+1	0.84722
2050	This familiar rise-and-fall tale is long on glamour and short on larger moralistic consequences , though it 's told with sharp ears and eyes for the tenor of the times .	+1	0.61111
2051	This beautifully animated epic is never dull .	+1	0.84722
2052	Brian Tufano 's handsome widescreen photography and Paul Grabowsky 's excellent music turn this fairly parochial melodrama into something really rather special .	+1	0.875
2053	It makes compelling , provocative and prescient viewing .	+1	0.81944
2054	A thoroughly entertaining comedy that uses Grant 's own twist of acidity to prevent itself from succumbing to its own bathos .	+1	0.80556
2055	Using a stock plot , About a Boy injects just enough freshness into the proceedings to provide an enjoyable 100 minutes in a movie theater .	+1	0.70833
2057	But it 's defiantly and delightfully against the grain .	+1	0.73611
2058	The hard-to-predict and absolutely essential chemistry between the down-to-earth Bullock and the nonchalant Grant proves to be sensational , and everything meshes in this elegant entertainment .	+1	0.80556
2059	A positively thrilling combination of ethnography and all the intrigue , betrayal , deceit and murder of a Shakespearean tragedy or a juicy soap opera .	+1	0.76389
2060	Mr. Clooney , Mr. Kaufman and all their collaborators are entitled to take a deep bow for fashioning an engrossing entertainment out of an almost sure-fire prescription for a critical and commercial disaster .	+1	0.79167
2061	Definitely funny stuff , but it 's more of the ` laughing at ' variety than the ` laughing with . '	+1	0.73611
2062	Easily the most thoughtful fictional examination of the root causes of anti-Semitism ever seen on screen .	+1	1
2063	A real winner -- smart , funny , subtle , and resonant .	+1	0.91667
2064	Family portrait of need , neurosis and nervy negativity is a rare treat that shows the promise of digital filmmaking .	+1	0.79167
2066	Uplifting as only a document of the worst possibilities of mankind can be , and among the best films of the year .	+1	0.94444
2068	The film has a terrific look and Salma Hayek has a feel for the character at all stages of her life .	+1	0.80556
2069	A decided lack of spontaneity in its execution and a dearth of real poignancy in its epiphanies .	-1	0.16667
2070	The performances are remarkable .	+1	1
2071	It 's Burns ' visuals , characters and his punchy dialogue , not his plot , that carry waydowntown .	+1	0.625
2072	As literary desecrations go , this makes for perfectly acceptable , occasionally very enjoyable children 's entertainment .	+1	0.75
2073	You 'll forget about it by Monday , though , and if they 're old enough to have developed some taste , so will your kids .	-1	0.11111
2074	While I ca n't say it 's on par with the first one , Stuart Little 2 is a light , fun cheese puff of a movie .	+1	0.72222
2075	Strange , funny , twisted , brilliant and macabre .	+1	0.875
2076	A genuinely moving and wisely unsentimental drama .	+1	0.86111
2078	The Mothman Prophecies is best when illustrating the demons bedevilling the modern masculine journey .	+1	0.66667
2079	Plays out with a dogged and eventually winning squareness that would make it the darling of many a kids-and-family-oriented cable channel .	+1	0.76389
2080	An entertaining British hybrid of comedy , caper thrills and quirky romance .	+1	0.90278
2083	The only pain you 'll feel as the credits roll is your stomach grumbling for some tasty grub .	-1	0.38889
2084	Hardly an objective documentary , but it 's great cinematic polemic ... love Moore or loathe him , you 've got to admire ... the intensity with which he 's willing to express his convictions .	+1	0.84722
2085	The mark of a respectable summer blockbuster is one of two things : unadulterated thrills or genuine laughs .	+1	0.83333
2086	The film is visually dazzling , the depicted events dramatic , funny and poignant .	+1	0.97222
2087	A directorial tour de force by Bernard Rose , ivans xtc .	+1	0.72222
2088	is one of this year 's very best pictures .	+1	0.875
2090	Weaver and LaPaglia are both excellent , in the kind of low-key way that allows us to forget that they are actually movie folk .	+1	0.88889
2091	Even the digressions are funny .	+1	0.76389
2092	Mr. Spielberg and his company just want you to enjoy yourselves without feeling conned .	+1	0.72222
2093	And they succeed merrily at their noble endeavor .	+1	0.63889
2095	A perfectly pleasant if slightly pokey comedy .	+1	0.76389
2096	Coppola 's directorial debut is an incredibly layered and stylistic film that , despite a fairly slow paced , almost humdrum approach to character development , still manages at least a decent attempt at meaningful cinema .	+1	0.66667
2097	At the end , when the now computerized Yoda finally reveals his martial artistry , the film ascends to a kinetic life so teeming that even cranky adults may rediscover the quivering kid inside .	+1	0.66667
2098	Wang Xiaoshuai directs this intricately structured and well-realized drama that presents a fascinating glimpse of urban life and the class warfare that embroils two young men .	+1	0.61111
2099	It 's hard to imagine anybody ever being `` in the mood '' to view a movie as harrowing and painful as The Grey Zone , but it 's equally hard to imagine anybody being able to tear their eyes away from the screen once it 's started .	+1	0.68056
2100	Bogdanovich taps deep into the Hearst mystique , entertainingly reenacting a historic scandal .	+1	0.83333
2101	A moving tale of love and destruction in unexpected places , unexamined lives .	+1	0.76389
2102	Clooney directs this film always keeping the balance between the fantastic and the believable ...	+1	0.65278
2103	Even if you do n't understand what on earth is going on , this is a movie that will stimulate hours of post viewing discussion , if only to be reminded of who did what to whom and why .	+1	0.76389
2105	A fantastically vital movie that manages to invest real humor , sensuality , and sympathy into a story about two adolescent boys .	+1	0.875
2106	Lawrence plumbs personal tragedy and also the human comedy .	+1	0.73611
2107	Though a capable thriller , somewhere along the way K-19 jettisoned some crucial drama .	-1	0.33333
2108	Just about the surest bet for an all-around good time at the movies this summer .	+1	0.88889
2110	This is a movie that is what it is : a pleasant distraction , a Friday night diversion , an excuse to eat popcorn .	+1	0.73611
2111	There is a certain sense of experimentation and improvisation to this film that may not always work , but it is nevertheless compelling .	+1	0.65278
2112	The Four Feathers has rewards , from the exoticism of its seas of sand to the fierce grandeur of its sweeping battle scenes .	+1	0.79167
2113	A delicious , quirky movie with a terrific screenplay and fanciful direction by Michael Gondry .	+1	0.88889
2114	This story still seems timely and important .	+1	0.69444
2115	And there 's an element of heartbreak to watching it now , with older and wiser eyes , because we know what will happen after Greene 's story ends .	+1	0.72222
2116	The bodily function jokes are about what you 'd expect , but there are rich veins of funny stuff in this movie .	+1	0.76389
2117	The performances are amiable and committed , and the comedy more often than not hits the bullseye .	+1	0.72222
2118	This time , the hype is quieter , and while the movie is slightly less successful than the first , it 's still a rollicking good time for the most part .	+1	0.76389
2119	There 's plenty to enjoy -- in no small part thanks to Lau .	+1	0.75
2120	With a romantic comedy plotline straight from the ages , this Cinderella story does n't have a single surprise up its sleeve .	-1	0.31944
2121	But it does somehow manage to get you under its spell .	+1	0.75
2122	Though few will argue that it ranks with the best of Herzog 's works , Invincible shows he 's back in form , with an astoundingly rich film .	+1	0.94444
2123	`` Catch Me '' feels capable of charming the masses with star power , a pop-induced score and sentimental moments that have become a Spielberg trademark .	+1	0.73611
2124	By no means a great movie , but it is a refreshingly forthright one .	+1	0.69444
2125	The casting of Raymond J. Barry as the ` assassin ' greatly enhances the quality of Neil Burger 's impressive fake documentary .	+1	0.68056
2126	Despite Besson 's high-profile name being Wasabi 's big selling point , there is no doubt that Krawczyk deserves a huge amount of the credit for the film 's thoroughly winning tone .	+1	0.72222
2127	This documentary is a dazzling , remarkably unpretentious reminder of what -LRB- Evans -RRB- had , lost , and got back .	+1	0.86111
2128	A thoughtful movie , a movie that is concerned with souls and risk and schemes and the consequences of one 's actions .	+1	0.81944
2129	As satisfyingly odd and intriguing a tale as it was a century and a half ago ... has a delightfully dour , deadpan tone and stylistic consistency .	+1	0.80556
2130	Methodical , measured , and gently tedious in its comedy , Secret Ballot is a purposefully reductive movie -- which may be why it 's so successful at lodging itself in the brain .	+1	0.83333
2132	For most of the distance the picture provides a satisfyingly unsettling ride into the dark places of our national psyche .	+1	0.73611
2133	By the standards of knucklehead swill , The Hot Chick is pretty damned funny .	+1	0.83333
2134	One of the most gloriously unsubtle and adrenalized extreme shockers since The Evil Dead .	+1	0.75
2135	-LRB- Reaches -RRB- wholly believable and heart-wrenching depths of despair .	+1	0.70833
2136	An absorbing and unsettling psychological drama .	+1	0.76389
2137	This movie may not have the highest production values you 've ever seen , but it 's the work of an artist , one whose view of America , history and the awkwardness of human life is generous and deep .	+1	0.84722
2138	Though it 's not very well shot or composed or edited , the score is too insistent and the dialogue is frequently overwrought and crudely literal , the film shatters you in waves .	-1	0.29167
2139	The entire cast is extraordinarily good .	+1	0.88889
2140	Yakusho , as always , is wonderful as the long-faced sad sack ... and his chemistry with Shimizu is very believable .	+1	0.80556
2141	Young Hanks and Fisk , who vaguely resemble their celebrity parents , bring fresh good looks and an ease in front of the camera to the work .	+1	0.875
2142	A captivatingly quirky hybrid of character portrait , romantic comedy and beat-the-clock thriller .	+1	0.72222
2143	The film sparkles with the the wisdom and humor of its subjects .	+1	0.88889
2144	If -LRB- Jaglom 's -RRB- latest effort is not the director at his most sparkling , some of its repartee is still worth hearing .	+1	0.72222
2145	Like The English Patient and The Unbearable Lightness of Being , The Hours is one of those reputedly `` unfilmable '' novels that has bucked the odds to emerge as an exquisite motion picture in its own right .	+1	0.77778
2146	Just about the best straight-up , old-school horror film of the last 15 years .	+1	0.90278
2147	A chilling tale of one of the great crimes of 20th Century France : the murder of two rich women by their servants in 1933 .	+1	0.63889
2148	An oddity , to be sure , but one that you might wind up remembering with a degree of affection rather than revulsion .	+1	0.69444
2149	While the film is not entirely successful , it still manages to string together enough charming moments to work .	+1	0.69444
2150	A winning piece of work filled with love for the movies of the 1960s .	+1	0.79167
2151	E.T. works because its flabbergasting principals , 14-year-old Robert MacNaughton , 6-year-old Drew Barrymore and 10-year-old Henry Thomas , convince us of the existence of the wise , wizened visitor from a faraway planet .	+1	0.88889
2153	A heartening tale of small victories and enduring hope .	+1	0.79167
2155	Jackson and co have brought back the value and respect for the term epic cinema .	+1	0.70833
2156	It may be a somewhat backhanded compliment to say that the film makes the viewer feel like the movie 's various victimized audience members after a while , but it also happens to be the movie 's most admirable quality	+1	0.69444
2157	Charlotte Sometimes is a brilliant movie .	+1	0.98611
2158	It is about irrational , unexplainable life and it seems so real because it does not attempt to filter out the complexity .	+1	0.63889
2159	A delightful stimulus for the optic nerves , so much that it 's forgivable that the plot feels like every other tale of a totalitarian tomorrow .	+1	0.70833
2161	But darned if it does n't also keep us riveted to our seats .	+1	0.83333
2162	A complex psychological drama about a father who returns to his son 's home after decades away .	+1	0.66667
2163	Writer and director Otar Iosseliani 's pleasant tale about a factory worker who escapes for a holiday in Venice reveals how we all need a playful respite from the grind to refresh our souls .	+1	0.81944
2165	Sweet and memorable film .	+1	0.80556
2166	A smart , arch and rather cold-blooded comedy .	+1	0.72222
2167	Keenly observed and refreshingly natural , Swimming gets the details right , from its promenade of barely clad bodies in Myrtle Beach , S.C. , to the adrenaline jolt of a sudden lunch rush at the diner .	+1	0.79167
2168	... begins on a high note and sustains it beautifully .	+1	0.77778
2169	Davis ... gets vivid performances from her cast and pulls off some deft Ally McBeal-style fantasy sequences .	+1	0.88889
2170	` it 's better to go in knowing full well what 's going to happen , but willing to let the earnestness of its execution and skill of its cast take you down a familiar road with a few twists .	+1	0.66667
2172	Funny , somber , absurd , and , finally , achingly sad , Bartleby is a fine , understated piece of filmmaking .	+1	0.94444
2173	`` Red Dragon '' is entertaining .	+1	0.83333
2174	An obvious copy of one of the best films ever made , how could it not be ?	-1	0.30556
2175	But it is entertaining on an inferior level .	+1	0.65278
2176	It is a popcorn film , not a must-own , or even a must-see .	-1	0.30556
2180	On that score , the film certainly does n't disappoint .	+1	0.80556
2181	As the movie traces Mr. Brown 's athletic exploits , it is impossible not to be awed by the power and grace of one of the greatest natural sportsmen of modern times .	+1	0.80556
2182	A moving and solidly entertaining comedy\/drama that should bolster director and co-writer Juan JosÃ© Campanella 's reputation in the United States .	+1	0.88889
2183	Thanks to confident filmmaking and a pair of fascinating performances , the way to that destination is a really special walk in the woods .	+1	0.83333
2184	Beautifully shot , delicately scored and powered by a set of heartfelt performances , it 's a lyrical endeavour .	+1	0.88889
2185	A macabre and very stylized Swedish fillm about a modern city where all the religious and civic virtues that hold society in place are in tatters .	+1	0.69444
2186	A stylistic romp that 's always fun to watch .	+1	0.88889
2187	Informative , intriguing , observant , often touching ... gives a human face to what 's often discussed in purely abstract terms .	+1	0.84722
2188	... once the true impact of the day unfolds , the power of this movie is undeniable .	+1	0.84722
2189	An honest , sensitive story from a Vietnamese point of view .	+1	0.80556
2190	A buoyant romantic comedy about friendship , love , and the truth that we 're all in this together .	+1	0.70833
2191	The film 's intimate camera work and searing performances pull us deep into the girls ' confusion and pain as they struggle tragically to comprehend the chasm of knowledge that 's opened between them .	+1	0.83333
2192	It 's the perfect star vehicle for Grant , allowing him to finally move away from his usual bumbling , tongue-tied screen persona .	+1	0.66667
2193	Gaunt , silver-haired and leonine , -LRB- Harris -RRB- brings a tragic dimension and savage full-bodied wit and cunning to the aging Sandeman .	+1	0.75
2196	Not only a reminder of how they used to make movies , but also how they sometimes still can be made .	+1	0.73611
2197	A three-hour cinema master class .	+1	0.75
2198	Eyre is on his way to becoming the American Indian Spike Lee .	+1	0.79167
2199	A witty , whimsical feature debut .	+1	0.79167
2200	Warm in its loving yet unforgivingly inconsistent depiction of everyday people , relaxed in its perfect quiet pace and proud in its message .	+1	0.875
2201	I loved this film .	+1	0.93056
2203	Clint Eastwood 's Blood Work is a lot like a well-made PB & J sandwich : familiar , fairly uneventful and boasting no real surprises -- but still quite tasty and inviting all the same .	+1	0.66667
2204	A movie that will surely be profane , politically charged music to the ears of Cho 's fans .	+1	0.69444
2205	Much of this slick and sprightly CGI feature is sufficiently funny to amuse even the most resolutely unreligious parents who escort their little ones to megaplex screenings .	+1	0.69444
2206	Rarely , a movie is more than a movie .	+1	0.75
2208	Jacquot 's strategy allows his cast the benefit of being able to give full performances ... while demonstrating vividly that the beauty and power of the opera reside primarily in the music itself .	+1	0.70833
2210	By not averting his eyes , Solondz forces us to consider the unthinkable , the unacceptable , the unmentionable .	+1	0.73611
2211	One Hour Photo may seem disappointing in its generalities , but it 's the little nuances that perhaps had to escape from director Mark Romanek 's self-conscious scrutiny to happen , that finally get under your skin .	-1	0.30556
2212	While general audiences might not come away with a greater knowledge of the facts of Cuban music , they 'll be treated to an impressive and highly entertaining celebration of its sounds .	+1	0.88889
2213	A fascinating documentary that provides a rounded and revealing overview of this ancient holistic healing system	+1	0.83333
2214	Birthday Girl lucks out with Chaplin and Kidman , who are capable of anteing up some movie star charisma when they need it to sell us on this twisted love story , but who can also negotiate the movie 's darker turns .	+1	0.75
2215	An interesting look behind the scenes of Chicago-based rock group Wilco ...	+1	0.75
2216	Sharp edges and a deep vein of sadness run through its otherwise comic narrative .	+1	0.70833
2217	There 's lots of cool stuff packed into ESPN 's Ultimate X.	+1	0.66667
2218	Rock solid family fun out of the gates , extremely imaginative through out , but wanes in the middle	+1	0.73611
2219	The Ya-Ya 's have many secrets and one is - the books are better .	-1	0.19444
2220	Translating complex characters from novels to the big screen is an impossible task but they are true to the essence of what it is to be Ya-Ya .	+1	0.77778
2221	The touch is generally light enough and the performances , for the most part , credible .	+1	0.73611
2222	I liked About Schmidt a lot , but I have a feeling that I would have liked it much more if Harry & Tonto never existed .	+1	0.61111
2224	That Storytelling has value can not be denied .	+1	0.86111
2225	Not even Solondz 's thirst for controversy , sketchy characters and immature provocations can fully succeed at cheapening it .	-1	0.27778
2226	Once the downward spiral comes to pass , Auto Focus bears out as your typical junkie opera ...	-1	0.31944
2227	A knowing sense of humor and a lot of warmth ignite Son of the Bride .	+1	0.875
2228	A rich tale of our times , very well told with an appropriate minimum of means .	+1	0.77778
2229	The characters are complex and quirky , but entirely believable as the remarkable ensemble cast brings them to life .	+1	0.80556
2230	In all fairness , I must report that the children of varying ages in my audience never coughed , fidgeted or romped up and down the aisles for bathroom breaks .	+1	0.70833
2231	As gory as the scenes of torture and self-mutilation may be , they are pitted against shimmering cinematography that lends the setting the ethereal beauty of an Asian landscape painting .	+1	0.83333
2232	Efficient , suitably anonymous chiller .	+1	0.68056
2234	The hot topics of the plot are relegated to the background -- a welcome step forward from the Sally Jesse Raphael atmosphere of films like Philadelphia and American Beauty .	+1	0.68056
2235	It 's usually a bad sign when directors abandon their scripts and go where the moment takes them , but Olympia , Wash. , based filmmakers Anne de Marcken and Marilyn Freeman did just that and it 's what makes their project so interesting .	+1	0.625
2236	A memorable experience that , like many of his works , presents weighty issues colorfully wrapped up in his own idiosyncratic strain of kitschy goodwill .	+1	0.72222
2237	Executed with such gentle but insistent sincerity , with such good humor and appreciation of the daily grind that only the most hardhearted Scrooge could fail to respond .	+1	0.875
2238	The gentle comic treatment of adolescent sturm und drang should please fans of Chris Fuhrman 's posthumously published cult novel .	+1	0.79167
2239	Director Claude Chabrol has become the master of innuendo .	+1	0.73611
2241	A deftly entertaining film , smartly played and smartly directed .	+1	0.88889
2242	A documentary to make the stones weep -- as shameful as it is scary .	-1	0.23611
2243	I hope the movie is widely seen and debated with appropriate ferocity and thoughtfulness .	+1	0.88889
2245	Asks what truth can be discerned from non-firsthand experience , and specifically questions cinema 's capability for recording truth .	+1	0.61111
2246	The journey to the secret 's eventual discovery is a separate adventure , and thrill enough .	+1	0.73611
2247	A quiet , disquieting triumph .	+1	0.73611
2248	Darkly funny and frequently insightful .	+1	0.80556
2249	... the tale of her passionate , tumultuous affair with Musset unfolds as Sand 's masculine persona , with its love of life and beauty , takes form .	+1	0.66667
2251	There 's so much to look at in Metropolis you hate to tear your eyes away from the images long enough to read the subtitles .	+1	0.86111
2252	The search for redemption makes for a touching love story , mainly because Blanchett and Ribisi compellingly tap into a spiritual aspect of their characters ' suffering .	+1	0.88889
2253	A film of ideas and wry comic mayhem .	+1	0.68056
2255	A worthwhile documentary , whether you 're into rap or not , even if it may still leave you wanting more answers as the credits roll .	+1	0.77778
2256	Fessenden 's narrative is just as much about the ownership and redefinition of myth as it is about a domestic unit finding their way to joy .	+1	0.61111
2257	That the film opens with maggots crawling on a dead dog is not an out of place metaphor .	-1	0.375
2258	Stanley Kwan has directed not only one of the best gay love stories ever made , but one of the best love stories of any stripe .	+1	0.93056
2259	The concert footage is stirring , the recording sessions are intriguing , and -- on the way to striking a blow for artistic integrity -- this quality band may pick up new admirers .	+1	0.77778
2261	-LRB- There 's -RRB- quite a bit of heart , as you would expect from the directors of The Little Mermaid and Aladdin .	+1	0.73611
2262	You wo n't have any trouble getting kids to eat up these Veggies .	+1	0.66667
2264	Enjoyably dumb , sweet , and intermittently hilarious -- if you 've a taste for the quirky , steal a glimpse .	+1	0.79167
2265	A movie that sends you out of the theater feeling like you 've actually spent time living in another community .	+1	0.79167
2266	Light-years ahead of paint-by-number American blockbusters like Pearl Harbor , at least artistically .	+1	0.80556
2267	A fascinating documentary about the long and eventful spiritual journey of the guru who helped launch the New Age .	+1	0.81944
2268	Isabelle Huppert excels as the enigmatic Mika and Anna Mouglalis is a stunning new young talent in one of Chabrol 's most intense psychological mysteries .	+1	0.875
2270	Wedding feels a bit anachronistic .	-1	0.125
2272	It 's still a comic book , but Maguire makes it a comic book with soul .	+1	0.70833
2273	Brings to a spectacular completion one of the most complex , generous and subversive artworks of the last decade .	+1	0.95833
2274	An amusing and unexpectedly insightful examination of sexual jealousy , resentment and the fine line between passion and pretence .	+1	0.80556
2275	A fascinating , bombshell documentary that should shame Americans , regardless of whether or not ultimate blame finally lies with Kissinger .	+1	0.88889
2276	Should be required viewing for civics classes and would-be public servants alike .	+1	0.68056
2277	Adaptation 's success in engaging the audience in the travails of creating a screenplay is extraordinary .	+1	0.88889
2278	A polished and vastly entertaining caper film that puts the sting back into the con .	+1	0.77778
2279	It 's no surprise that as a director Washington demands and receives excellent performances , from himself and from newcomer Derek Luke .	+1	0.83333
2280	... while each moment of this broken character study is rich in emotional texture , the journey does n't really go anywhere .	-1	0.31944
2281	The film gets close to the chimps the same way Goodall did , with a serious minded patience , respect and affection .	+1	0.72222
2283	This may be Burns 's strongest film since The Brothers McMullen .	+1	0.84722
2284	What makes this film special is Serry 's ability to take what is essentially a contained family conflict and put it into a much larger historical context .	+1	0.86111
2285	It 's Quaid who anchors the film with his effortless performance and that trademark grin of his -- so perfect for a ballplayer .	+1	0.84722
2286	It is OK for a movie to be something of a sitcom apparatus , if the lines work , the humor has point and the actors are humanly engaged .	+1	0.70833
2288	A sly female empowerment movie , although not in a way anyone would expect .	+1	0.70833
2290	It 's a wonderful , sobering , heart-felt drama .	+1	0.90278
2291	Runs on the pure adrenalin of Pacino 's performance .	+1	0.80556
2292	The Paradiso 's rusted-out ruin and ultimate collapse during the film 's final -LRB- restored -RRB- third ... emotionally belittle a cinema classic .	-1	0.18056
2294	Phillip Noyce and all of his actors -- as well as his cinematographer , Christopher Doyle -- understand the delicate forcefulness of Greene 's prose , and it 's there on the screen in their version of The Quiet American .	+1	0.65278
2295	The film just might turn on many people to opera , in general , an art form at once visceral and spiritual , wonderfully vulgar and sublimely lofty -- and as emotionally grand as life .	+1	0.83333
2296	As a vehicle to savour Binoche 's skill , the film is well worthwhile .	+1	0.81944
2297	The huskies are beautiful , the border collie is funny and the overall feeling is genial and decent .	+1	0.73611
2298	Whatever complaints I might have , I 'd take -LRB- its -RRB- earnest errors and hard-won rewards over the bombastic self-glorification of other feel-good fiascos like Antwone Fisher or The Emperor 's Club any time .	+1	0.72222
2299	Mastering its formidable arithmetic of cameras and souls , Group articulates a flood of emotion .	+1	0.79167
2300	A pretty decent kid-pleasing , tolerable-to-adults lark of a movie .	+1	0.75
2301	Even during the climactic hourlong cricket match , boredom never takes hold .	+1	0.79167
2302	Combine the paranoid claustrophobia of a submarine movie with the unsettling spookiness of the supernatural -- why did n't Hollywood think of this sooner ?	+1	0.77778
2303	Like Kubrick , Soderbergh is n't afraid to try any genre and to do it his own way .	+1	0.72222
2304	Nothing can detract from the affection of that moral favorite : friends will be friends through thick and thin .	+1	0.68056
2305	If the film has a problem , its shortness disappoints : You want the story to go on and on .	+1	0.75
2306	Unlike most anime , whose most ardent fans outside Japan seem to be introverted young men with fantasy fetishes , Metropolis never seems hopelessly juvenile .	+1	0.76389
2307	The plot twists give I Am Trying to Break Your Heart an attraction it desperately needed .	+1	0.625
2308	The most brilliant and brutal UK crime film since Jack Carter went back to Newcastle , the first half of Gangster No. 1 drips with style and , at times , blood .	+1	0.90278
2309	Like its New England characters , most of whom wander about in thick clouds of denial , the movie eventually gets around to its real emotional business , striking deep chords of sadness .	+1	0.70833
2310	The Bai brothers have taken an small slice of history and opened it up for all of us to understand , and they 've told a nice little story in the process .	+1	0.83333
2311	Flamboyant in some movies and artfully restrained in others , 65-year-old Jack Nicholson could be looking at his 12th Oscar nomination by proving that he 's now , more than ever , choosing his roles with the precision of the insurance actuary .	+1	0.81944
2314	The most amazing super-sized dosage of goofball stunts any `` Jackass '' fan could want .	+1	0.84722
2315	Real Women may have many agendas , but it also will win you over , in a big way .	+1	0.83333
2316	Young Everlyn Sampi , as the courageous Molly Craig , simply radiates star-power potential in this remarkable and memorable film .	+1	0.84722
2317	Surprisingly powerful and universal .	+1	0.81944
2320	Morvern Callar confirms Lynne Ramsay as an important , original talent in international cinema .	+1	0.83333
2321	Well-done supernatural thriller with keen insights into parapsychological phenomena and the soulful nuances of the grieving process .	+1	0.76389
2322	A plethora of engaging diatribes on the meaning of ` home , ' delivered in grand passion by the members of the various households .	+1	0.73611
2323	It 's technically sumptuous but also almost wildly alive .	+1	0.88889
2324	This film puts Wang at the forefront of China 's Sixth Generation of film makers .	+1	0.86111
2325	it 's refreshing to see a movie that embraces its old-fashioned themes and in the process comes out looking like something wholly original .	+1	0.81944
2326	Wiseman is patient and uncompromising , letting his camera observe and record the lives of women torn apart by a legacy of abuse .	+1	0.65278
2327	There 's none of the happily-ever - after spangle of Monsoon Wedding in Late Marriage -- and that 's part of what makes Dover Kosashvili 's outstanding feature debut so potent .	+1	0.84722
2328	An ingenious and often harrowing look at damaged people and how families can offer either despair or consolation .	+1	0.77778
2329	Arguably the best script that Besson has written in years .	+1	0.93056
2330	It 's no lie -- Big Fat Liar is a real charmer .	+1	0.83333
2331	Invigorating , surreal , and resonant with a rainbow of emotion .	+1	0.91667
2332	Director Alfonso Cuaron gets vivid , convincing performances from a fine cast , and generally keeps things going at a rapid pace , occasionally using an omniscient voice-over narrator in the manner of French New Wave films .	+1	0.73611
2333	Pray has really done his subject justice .	+1	0.76389
2334	An unexpectedly sweet story of sisterhood .	+1	0.77778
2335	Maintains your sympathy for this otherwise challenging soul by letting you share her one-room world for a while .	+1	0.72222
2336	A subtle , humorous , illuminating study of politics , power and social mobility .	+1	0.76389
2338	- West Coast rap wars , this modern mob music drama never fails to fascinate .	+1	0.76389
2339	Nair 's attention to detail creates an impeccable sense of place , while Thurman and Lewis give what can easily be considered career-best performances .	+1	0.91667
2340	Berry 's saucy , full-bodied performance gives this aging series a much needed kick , making `` Die Another Day '' one of the most entertaining Bonds in years	+1	0.90278
2342	But , like Silence , it 's a movie that gets under your skin .	-1	0.23611
2343	Caviezel embodies the transformation of his character completely .	+1	0.77778
2344	A creepy , intermittently powerful study of a self-destructive man ... about as unsettling to watch as an exploratory medical procedure or an autopsy .	+1	0.68056
2345	Pacino and Williams seem to keep upping the ante on each other , just as their characters do in the film .	+1	0.83333
2346	What results is the best performance from either in years .	+1	0.88889
2347	The cast is top-notch and I predict there will be plenty of female audience members drooling over Michael Idemoto as Michael .	+1	0.86111
2348	BÃ©art and Berling are both superb , while Huppert ... is magnificent .	+1	0.88889
2350	Miyazaki has created such a vibrant , colorful world , it 's almost impossible not to be swept away by the sheer beauty of his images .	+1	1
2351	Muccino seems to be exploring the idea of why human beings long for what they do n't have , and how this gets us in trouble .	+1	0.61111
2352	But even while his characters are acting horribly , he is always sympathetic .	+1	0.61111
2353	Whether or not you buy Mr. Broomfield 's findings , the film acquires an undeniable entertainment value as the slight , pale Mr. Broomfield continues to force himself on people and into situations that would make lesser men run for cover .	+1	0.72222
2355	... an eerily suspenseful , deeply absorbing piece that works as a treatise on spirituality as well as a solid sci-fi thriller .	+1	0.83333
2356	I 've never seen or heard anything quite like this film , and I recommend it for its originality alone .	+1	0.81944
2357	Nicole Kidman makes it a party worth attending .	+1	0.875
2358	The direction has a fluid , no-nonsense authority , and the performances by Harris , Phifer and Cam ` ron seal the deal .	+1	0.72222
2359	The Komediant is a tale worth catching .	+1	0.75
2360	The writing is clever and the cast is appealing .	+1	0.875
2363	Spielberg has managed to marry science fiction with film noir and action flicks with philosophical inquiry .	+1	0.76389
2364	It 's the type of film about growing up that we do n't see often enough these days : realistic , urgent , and not sugarcoated in the least .	+1	0.72222
2365	A taut , sobering film .	+1	0.80556
2366	Exudes the fizz of a Busby Berkeley musical and the visceral excitement of a sports extravaganza .	+1	0.88889
2367	It 's full of cheesy dialogue , but great trashy fun that finally returns De Palma to his pulpy thrillers of the early '80s .	+1	0.61111
2369	A quietly moving look back at what it was to be Iranian-American in 1979 .	+1	0.70833
2370	Like a veteran head cutter , Barbershop is tuned in to its community .	+1	0.66667
2371	I 'm sure mainstream audiences will be baffled , but , for those with at least a minimal appreciation of Woolf and Clarissa Dalloway , The Hours represents two of those well spent .	+1	0.79167
2372	You live the mood rather than savour the story .	+1	0.72222
2373	Angela Gheorghiu as famous prima donna Floria Tosca , Roberto Alagna as her lover Mario Cavaradossi , and Ruggero as the villainous , lecherous police chief Scarpia , all sing beautifully and act adequately .	+1	0.75
2374	While there are times when the film 's reach exceeds its grasp , the production works more often than it does n't .	+1	0.625
2375	While Scorsese 's bold images and generally smart casting ensure that `` Gangs '' is never lethargic , the movie is hindered by a central plot that 's peppered with false starts and populated by characters who are nearly impossible to care about .	-1	0.375
2376	Watching this gentle , mesmerizing portrait of a man coming to terms with time , you barely realize your mind is being blown .	+1	0.76389
2377	The beautifully choreographed kitchen ballet is simple but absorbing .	+1	0.63889
2378	There 's ... an underlying Old World sexism to Monday Morning that undercuts its charm .	-1	0.25
2379	`` The best Disney movie since the Lion King ''	+1	0.88889
2380	Transcends its agenda to deliver awe-inspiring , at times sublime , visuals and offer a fascinating glimpse into the subculture of extreme athletes whose derring-do puts the X into the games .	+1	0.88889
2381	Think of it as Gidget , only with muscles and a lot more smarts , but just as endearing and easy to watch .	+1	0.88889
2382	There is no solace here , no entertainment value , merely a fierce lesson in where filmmaking can take us .	-1	0.22222
2383	Giggling at the absurdities and inconsistencies is part of the fun .	+1	0.61111
2384	But the talented cast alone will keep you watching , as will the fight scenes .	+1	0.91667
2385	Arteta paints a picture of lives lived in a state of quiet desperation .	+1	0.70833
2386	Drug abuse , infidelity and death are n't usually comedy fare , but Turpin 's film allows us to chuckle through the angst .	+1	0.66667
2387	While Insomnia is in many ways a conventional , even predictable remake , Nolan 's penetrating undercurrent of cerebral and cinemantic flair lends -LRB- it -RRB- stimulating depth .	+1	0.65278
2388	Efteriades gives the neighborhood -- scenery , vibe and all -- the cinematic equivalent of a big , tender hug .	+1	0.77778
2389	This is a nicely handled affair , a film about human darkness but etched with a light -LRB- yet unsentimental -RRB- touch .	+1	0.75
2390	Amazing !	+1	0.91667
2391	A college story that works even without vulgarity , sex scenes , and cussing !	+1	0.75
2392	The amazing film work is so convincing that by movies ' end you 'll swear you are wet in some places and feel sand creeping in others .	+1	0.79167
2393	A raunchy and frequently hilarious follow-up to the gifted Korean American stand-up 's I 'm the One That I Want .	+1	0.77778
2394	If you ever wanted to be an astronaut , this is the ultimate movie experience - it 's informative and breathtakingly spectacular .	+1	0.93056
2395	While Parker and co-writer Catherine di Napoli are faithful to Melville 's plotline , they and a fully engaged supporting cast ... have made the old boy 's characters more quick-witted than any English Lit major would have thought possible .	+1	0.81944
2396	A smart , sassy and exceptionally charming romantic comedy .	+1	0.875
2397	There are flaws , but also stretches of impact and moments of awe ; we 're wrapped up in the characters , how they make their choices , and why .	+1	0.76389
2398	A gift to anyone who loves both dance and cinema	+1	0.72222
2400	A reminder that beyond all the hype and recent digital glitz , Spielberg knows how to tell us about people .	+1	0.91667
2401	One of the finest , most humane and important Holocaust movies ever made .	+1	0.98611
2402	An engrossing and infectiously enthusiastic documentary .	+1	0.86111
2403	A beautiful , timeless and universal tale of heated passions -- jealousy , betrayal , forgiveness and murder .	+1	0.875
2404	A culture-clash comedy that , in addition to being very funny , captures some of the discomfort and embarrassment of being a bumbling American in Europe .	+1	0.68056
2405	Shattering , devastating documentary on two maladjusted teens in a downward narcotized spiral .	+1	0.61111
2406	Extraordinary debut from Josh Koury .	+1	0.875
2407	The most compelling performance of the year adds substantial depth to this shocking testament to anti-Semitism and neo-fascism .	+1	0.86111
2408	For those who are intrigued by politics of the '70s , the film is every bit as fascinating as it is flawed .	+1	0.70833
2409	All right , so it 's not a brilliant piece of filmmaking , but it is a funny -LRB- sometimes hilarious -RRB- comedy with a deft sense of humor about itself , a playful spirit and a game cast .	+1	0.70833
2410	Douglas McGrath 's Nicholas Nickleby does Dickens as it should be done cinematically .	+1	0.83333
2411	It 's a lovely , eerie film that casts an odd , rapt spell .	+1	0.81944
2412	The quirky and recessive charms of co-stars Martin Donovan and Mary-Louise Parker help overcome the problematic script .	+1	0.65278
2413	It 's good to see Michael Caine whipping out the dirty words and punching people in the stomach again .	+1	0.75
2416	It 's fun , wispy , wise and surprisingly inoffensive for a film about a teen in love with his stepmom .	+1	0.77778
2417	Able to provide insight into a fascinating part of theater history .	+1	0.68056
2418	An unflinching , complex portrait of a modern Israel that is rarely seen on-screen .	+1	0.69444
2421	It 's a familiar story , but one that is presented with great sympathy and intelligence .	+1	0.77778
2422	Gently humorous and touching .	+1	0.79167
2423	It wo n't hold up over the long haul , but in the moment , Finch 's tale provides the forgettable pleasures of a Saturday matinee .	+1	0.63889
2424	Kinnear 's performance is a career-defining revelation .	+1	0.80556
2425	The film is predictable in the reassuring manner of a beautifully sung holiday carol .	+1	0.77778
2426	... hits every cliche we 've come to expect , including the assumption that `` crazy '' people are innocent , childlike and inherently funny .	-1	0.33333
2429	A certain sexiness underlines even the dullest tangents .	+1	0.61111
2430	You may be captivated , as I was , by its moods , and by its subtly transformed star , and still wonder why Paul Thomas Anderson ever had the inclination to make the most sincere and artful movie in which Adam Sandler will probably ever appear .	+1	0.66667
2431	There is no substitute for on-screen chemistry , and when Friel pulls the strings that make Williams sink into melancholia , the reaction in Williams is as visceral as a gut punch .	+1	0.81944
2432	That old adage about women being unknowable gets an exhilarating new interpretation in Morvern Callar .	+1	0.73611
2433	A mix of gritty realism , crisp storytelling and radiant compassion that effortlessly draws you in .	+1	0.88889
2434	After watching it , you can only love the players it brings to the fore for the gifted but no-nonsense human beings they are and for the still-inestimable contribution they have made to our shared history .	+1	0.79167
2435	In his U.S. debut , Mr. Schnitzler proves himself a deft pace master and stylist .	+1	0.86111
2437	Rich in shadowy metaphor and as sharp as a samurai sword , Jiang Wen 's Devils on the Doorstep is a wartime farce in the alternately comic and gut-wrenching style of Joseph Heller or Kurt Vonnegut .	+1	0.83333
2438	Offers a clear-eyed chronicle of a female friendship that is more complex and honest than anything represented in a Hollywood film .	+1	0.83333
2439	A winning comedy with its wry observations about long-lived friendships and the ways in which we all lose track of ourselves by trying to please others .	+1	0.80556
2440	Its cast full of caffeinated comedy performances more than make up for its logical loopholes , which fly by so fast there 's no time to think about them anyway .	+1	0.72222
2442	Although it includes a fair share of dumb drug jokes and predictable slapstick , `` Orange County '' is far funnier than it would seem to have any right to be .	+1	0.69444
2444	A bright , inventive , thoroughly winning flight of revisionist fancy .	+1	0.75
2445	Ozpetek 's effort has the scope and shape of an especially well-executed television movie .	+1	0.88889
2446	Affirms the gifts of all involved , starting with Spielberg and going right through the ranks of the players -- on-camera and off -- that he brings together .	+1	0.75
2447	A delightful little film that revels in its own simplicity , Mostly Martha will leave you with a smile on your face and a grumble in your stomach .	+1	0.79167
2448	Makes one thing abundantly clear .	+1	0.72222
2449	American musical comedy as we know it would n't exist without the precedent of Yiddish theater , whose jolly , fun-for-fun 's - sake communal spirit goes to the essence of Broadway .	+1	0.72222
2450	Deepa Mehta provides an accessible introduction as well as some intelligent observations on the success of Bollywood in the Western world .	+1	0.76389
2451	If anything , the film is doing something of a public service -- shedding light on a group of extremely talented musicians who might otherwise go unnoticed and underappreciated by music fans .	+1	0.83333
2452	In addition to gluing you to the edge of your seat , Changing Lanes is also a film of freshness , imagination and insight .	+1	0.94444
2453	Pan Nalin 's exposition is beautiful and mysterious , and the interviews that follow , with the practitioners of this ancient Indian practice , are as subtle and as enigmatic .	+1	0.70833
2454	The mood , look and tone of the film fit the incredible storyline to a T.	+1	0.70833
2455	It 's crafty , energetic and smart -- the kid is sort of like a fourteen-year old Ferris Bueller .	+1	0.84722
2456	A work of extraordinary journalism , but it is also a work of deft and subtle poetry .	+1	0.81944
2457	It 's funny and human and really pretty damned wonderful , all at once .	+1	0.77778
2458	At 78 minutes it just zings along with vibrance and warmth .	+1	0.80556
2459	A strangely stirring experience that finds warmth in the coldest environment and makes each crumb of emotional comfort feel like a 10-course banquet .	+1	0.84722
2463	... plenty of warmth to go around , with music and laughter and the love of family .	+1	0.81944
2464	It 'll keep you wide awake and ... very tense .	+1	0.68056
2465	Could use a little more humanity , but it never lacks in eye-popping visuals .	+1	0.66667
2466	-LRB- Danny Huston gives -RRB- an astounding performance that deftly , gradually reveals a real human soul buried beneath a spellbinding serpent 's smirk .	+1	0.90278
2467	These three films form a remarkably cohesive whole , both visually and thematically , through their consistently sensitive and often exciting treatment of an ignored people .	+1	0.83333
2468	A funny and well-contructed black comedy where the old adage `` be careful what you wish for '' is given a full workout .	+1	0.84722
2469	It reaffirms life as it looks in the face of death .	+1	0.66667
2470	The film is reasonably entertaining , though it begins to drag two-thirds through , when the melodramatic aspects start to overtake the comedy .	+1	0.66667
2471	This is more fascinating -- being real -- than anything seen on Jerry Springer .	+1	0.83333
2472	A different movie -- sometimes tedious -- by a director many viewers would like to skip but film buffs should get to know .	+1	0.625
2474	He does this so well you do n't have the slightest difficulty accepting him in the role .	+1	0.86111
2477	A vibrant whirlwind of love , family and all that goes with it , My Big Fat Greek Wedding is a non-stop funny feast of warmth , colour and cringe .	+1	0.97222
2478	Thought-provoking and stylish , if also somewhat hermetic .	+1	0.66667
2479	Broomfield is energized by Volletta Wallace 's maternal fury , her fearlessness , and because of that , his film crackles .	+1	0.875
2480	While it has definite weaknesses -- like a rather unbelievable love interest and a meandering ending -- this '60s caper film is a riveting , brisk delight .	+1	0.68056
2481	Funny in a sick , twisted sort of way .	+1	0.69444
2482	If cinema had been around to capture the chaos of France in the 1790 's , one imagines the result would look like something like this .	+1	0.75
2483	It 's a talking head documentary , but a great one .	+1	0.73611
2485	Ultimately engages less for its story of actorly existential despair than for its boundary-hopping formal innovations and glimpse into another kind of Chinese ` cultural revolution . '	+1	0.68056
2486	... a solid , well-formed satire .	+1	0.83333
2487	As part of Mr. Dong 's continuing exploration of homosexuality in America , Family Fundamentals is an earnest study in despair .	+1	0.63889
2488	Most consumers of lo mein and General Tso 's chicken barely give a thought to the folks who prepare and deliver it , so , hopefully , this film will attach a human face to all those little steaming cartons .	+1	0.61111
2489	Hatosy ... portrays young Brendan with his usual intelligence and subtlety , not to mention a convincing brogue .	+1	0.75
2490	The filmmakers ' eye for detail and the high standards of performance convey a strong sense of the girls ' environment .	+1	0.79167
2491	Uneven , self-conscious but often hilarious spoof .	+1	0.625
2492	Even bigger and more ambitious than the first installment , Spy Kids 2 looks as if it were made by a highly gifted 12-year-old instead of a grown man .	-1	0.38889
2493	Thanks to The ChÃ¢teau 's balance of whimsicality , narrative discipline and serious improvisation , almost every relationship and personality in the film yields surprises .	+1	0.79167
2494	Alan and his fellow survivors are idiosyncratic enough to lift the movie above its playwriting 101 premise .	+1	0.625
2495	Fresh and raw like a blown-out vein , Narc takes a walking-dead , cop-flick subgenre and beats new life into it .	+1	0.90278
2496	The premise of Jason X is silly but strangely believable .	+1	0.66667
2497	It 's a wise and powerful tale of race and culture forcefully told , with superb performances throughout .	+1	0.93056
2498	An awfully good , achingly human picture .	+1	0.625
2501	Definitely worth 95 minutes of your time .	+1	0.88889
2502	The film jolts the laughs from the audience -- as if by cattle prod .	+1	0.75
2503	A sexy , surprising romance ... Idemoto and Kim make a gorgeous pair ... their scenes brim with sexual possibility and emotional danger .	+1	0.81944
2504	Toes the fine line between cheese and earnestness remarkably well ; everything is delivered with such conviction that it 's hard not to be carried away .	+1	0.73611
2505	Whereas Oliver Stone 's conspiracy thriller JFK was long , intricate , star-studded and visually flashy , Interview with the Assassin draws its considerable power from simplicity .	+1	0.76389
2506	Funny , sexy , devastating and incurably romantic .	+1	0.81944
2507	Triple X is a double agent , and he 's one bad dude .	+1	0.625
2508	When you 've got the wildly popular Vin Diesel in the equation , it adds up to big box office bucks all but guaranteed .	+1	0.75
2509	Very well-written and very well-acted .	+1	1
2510	A powerful and telling story that examines forbidden love , racial tension , and other issues that are as valid today as they were in the 1950s .	+1	1
2511	You emerge dazed , confused as to whether you 've seen pornography or documentary .	-1	0.29167
2512	It ai n't art , by a long shot , but unlike last year 's lame Musketeer , this Dumas adaptation entertains .	+1	0.66667
